yacht_name,yacht_url,yacht_builder,yacht_length,yacht_date,yacht_tspeed,yacht_cspeed,yacht_range,yacht_beam,yacht_guests,yacht_crew
Anna,http://www.boatinternational.com/yachts/the-superyacht-directory/anna--66729,Feadship, 67.00m , 2007 , 17kts , 15kts , 6500nm , 13.1m , 12 , 16 
Siran,http://www.boatinternational.com/yachts/the-superyacht-directory/siran--66763,Feadship, 67.01m , 1991 , 16kts , 14kts ,, 10.3m ,,
Explorer,http://www.boatinternational.com/yachts/the-superyacht-directory/danah-explorer--70467,Candies Shipbuilders, 67.00m , 1981 , 12kts , 10kts , 12200nm , 11.6m , 4 , 9 
Global,http://www.boatinternational.com/yachts/the-superyacht-directory/global--74011,Bender, 67.06m , 1982 , 13kts , 10kts , 10000nm , 12.2m , 12 , 12 
Falcon Lair,http://www.boatinternational.com/yachts/the-superyacht-directory/falcon-lair--66649,Feadship, 67.21m , 1983 , 18kts , 15kts , 3800nm , 9.68m , 10 , 16 
Vertigo,http://www.boatinternational.com/yachts/the-superyacht-directory/vertigo--37791,Alloy Yachts, 67.20m , 2011 , 14kts , 12kts ,, 12.53m , 12 , 12 
Drizzle,http://www.boatinternational.com/yachts/the-superyacht-directory/drizzle--66755,Feadship, 67.27m , 2012 , 15kts , 12kts ,, 11.4m , 10 , 17 
Archimedes,http://www.boatinternational.com/yachts/the-superyacht-directory/archimedes--66605,Feadship, 66.75m , 2008 , 16kts , 14kts ,, 12.3m , 16 , 16 
Alwaeli,http://www.boatinternational.com/yachts/the-superyacht-directory/alwaeli--68609,CRN, 68.00m , 1991 , 20kts , 17kts , 6000nm , 11.52m , 23 , 17 
Lady Christine,http://www.boatinternational.com/yachts/the-superyacht-directory/lady-christine--66613,Feadship, 68.00m , 2010 ,,,, 12.5m , 10 , 16 
Anna,http://www.boatinternational.com/yachts/the-superyacht-directory/anna--66729,Feadship, 67.00m , 2007 , 17kts , 15kts , 6500nm , 13.1m , 12 , 16 
Siran,http://www.boatinternational.com/yachts/the-superyacht-directory/siran--66763,Feadship, 67.01m , 1991 , 16kts , 14kts ,, 10.3m ,,
Explorer,http://www.boatinternational.com/yachts/the-superyacht-directory/danah-explorer--70467,Candies Shipbuilders, 67.00m , 1981 , 12kts , 10kts , 12200nm , 11.6m , 4 , 9 
Global,http://www.boatinternational.com/yachts/the-superyacht-directory/global--74011,Bender, 67.06m , 1982 , 13kts , 10kts , 10000nm , 12.2m , 12 , 12 
Falcon Lair,http://www.boatinternational.com/yachts/the-superyacht-directory/falcon-lair--66649,Feadship, 67.21m , 1983 , 18kts , 15kts , 3800nm , 9.68m , 10 , 16 
Vertigo,http://www.boatinternational.com/yachts/the-superyacht-directory/vertigo--37791,Alloy Yachts, 67.20m , 2011 , 14kts , 12kts ,, 12.53m , 12 , 12 
Drizzle,http://www.boatinternational.com/yachts/the-superyacht-directory/drizzle--66755,Feadship, 67.27m , 2012 , 15kts , 12kts ,, 11.4m , 10 , 17 
Archimedes,http://www.boatinternational.com/yachts/the-superyacht-directory/archimedes--66605,Feadship, 66.75m , 2008 , 16kts , 14kts ,, 12.3m , 16 , 16 
Alwaeli,http://www.boatinternational.com/yachts/the-superyacht-directory/alwaeli--68609,CRN, 68.00m , 1991 , 20kts , 17kts , 6000nm , 11.52m , 23 , 17 
Lady Christine,http://www.boatinternational.com/yachts/the-superyacht-directory/lady-christine--66613,Feadship, 68.00m , 2010 ,,,, 12.5m , 10 , 16 
Aviva III,http://www.boatinternational.com/yachts/the-superyacht-directory/aviva-iii--72775,Abeking & Rasmussen, 68.00m , 2007 , 16kts , 14kts , 6000nm , 12.4m , 12 , 28 
Sycara V,http://www.boatinternational.com/yachts/the-superyacht-directory/sycara-v--58505,Nobiskrug, 68.15m , 2010 , 17kts , 14kts , 7000nm , 12.0m , 12 , 18 
Hermitage,http://www.boatinternational.com/yachts/the-superyacht-directory/hermitage--56983,Lurssen, 68.15m , 2011 , 15kts , 14kts ,, 12.8m , 12 , 18 
Lady S,http://www.boatinternational.com/yachts/the-superyacht-directory/lady-s--72465,Amels, 68.49m , 2006 , 17kts , 15kts , 5500nm , 12.8m , 16 , 22 
Attessa,http://www.boatinternational.com/yachts/the-superyacht-directory/attessa--66633,Feadship, 68.58m , 1998 , 16kts , 13kts , 5000nm , 11.0m , 10 , 15 
Saluzi,http://www.boatinternational.com/yachts/the-superyacht-directory/saluzi--39921,Austal Ships, 69.10m , 2003 , 16kts , 14kts ,, 13.8m , 50 , 42 
Nomad,http://www.boatinternational.com/yachts/the-superyacht-directory/nomad--40987,Oceanfast, 69.49m , 2003 , 18kts , 15kts , 8500nm , 11.58m , 12 , 16 
Sherakhan,http://www.boatinternational.com/yachts/the-superyacht-directory/sherakhan--42623,Vuyk, 69.65m , 1966 , 13kts , 12kts , 3500nm , 12.05m , 26 , 19 
Olivia,http://www.boatinternational.com/yachts/the-superyacht-directory/olivia--61251,Laivateollisuus, 70.00m , 1972 , 15kts , 13kts , 9000nm , 11.87m , 16 , 20 
Freedom,http://www.boatinternational.com/yachts/the-superyacht-directory/freedom--43175,Benetti, 70.00m , 2000 , 16kts , 15kts , 5200nm , 12.5m , 18 , 27 
Nourah of Riyad,http://www.boatinternational.com/yachts/the-superyacht-directory/nourah-of-riyad--48963,Yachtley, 70.00m , 2008 , 19kts , 16kts , 5250nm , 11.04m , 22 , 18 
High Power III,http://www.boatinternational.com/yachts/the-superyacht-directory/high-power-iii--52851,RossiNavi, 70.00m , 2011 , 16kts , 15kts , 5000nm , 13.2m , 12 , 18 
Sybaris,http://www.boatinternational.com/yachts/the-superyacht-directory/sybaris--37787,Perini Navi, 70.00m , 2016 , 17kts , 12kts , 5000nm , 13.24m , 12 , 11 
Galactica Super Nova,http://www.boatinternational.com/yachts/the-superyacht-directory/galactica-super-nova--39217,Heesen Yachts, 70.07m , 2016 , 30kts ,, 4000nm , 11.9m , 12 , 16 
Titania,http://www.boatinternational.com/yachts/the-superyacht-directory/titania--47017,Lurssen, 72.00m , 2006 , 15kts , 14kts , 4000nm , 12.8m , 12 , 22 
Martha Ann,http://www.boatinternational.com/yachts/the-superyacht-directory/martha-ann--60553,Lurssen, 70.20m , 2008 , 15kts , 14kts ,, 12.8m , 12 , 20 
Felix,http://www.boatinternational.com/yachts/the-superyacht-directory/amadeus--62331,Amadeus Yachts, 70.41m , 1969 , 15kts , 14kts , 9500nm , 11.5m , 14 , 19 
Vicky,http://www.boatinternational.com/yachts/the-superyacht-directory/vicky--56913,Turquoise Yachts, 72.60m , 2012 , 17kts , 15kts , 7000nm , 12.0m , 14 , 19 
Skat,http://www.boatinternational.com/yachts/the-superyacht-directory/skat--60591,Lurssen, 70.71m , 2002 , 17kts , 15kts , 3500nm , 13.5m , 10 , 20 
Titania,http://www.boatinternational.com/yachts/the-superyacht-directory/titania--47017,Lurssen, 72.00m , 2006 , 15kts , 14kts , 4000nm , 12.8m , 12 , 22 
The One,http://www.boatinternational.com/yachts/the-superyacht-directory/the-one--47005,Lurssen, 70.68m , 1973 , 28kts , 20kts ,, 9.36m ,,
Enigma XK,http://www.boatinternational.com/yachts/the-superyacht-directory/enigma-xk--58255,Richard Lowestoft, 71.40m , 1987 , 18kts , 16kts , 12000nm , 11.6m , 12 , 21 
Utopia,http://www.boatinternational.com/yachts/the-superyacht-directory/utopia--45703,Feadship, 71.60m , 2004 , 16kts , 14kts , 5000nm , 11.38m , 12 , 17 
Natalina A,http://www.boatinternational.com/yachts/the-superyacht-directory/opari-3--39191,Golden Yachts, 71.85m , 2015 , 19kts , 17kts ,, 12.6m , 16 , 23 
Azteca,http://www.boatinternational.com/yachts/the-superyacht-directory/azteca--68533,CRN, 71.99m , 2009 , 16kts , 15kts , 6000nm , 13.5m , 14 , 28 
Serenity,http://www.boatinternational.com/yachts/the-superyacht-directory/tu-moana--37815,Austal Ships, 72.00m , 2003 , 17kts , 14kts , 2000nm , 13.8m , 32 , 37 
Stella Maris,http://www.boatinternational.com/yachts/the-superyacht-directory/stella-maris--47715,Viareggio Superyachts, 72.10m , 2013 , 17kts , 12kts , 5500nm , 12.6m , 12 , 19 
Elegant 007,http://www.boatinternational.com/yachts/the-superyacht-directory/rm-elegant--46841,Lamda, 72.40m , 2005 , 18kts , 14kts , 3300nm , 12.0m , 30 , 31 
Axioma,http://www.boatinternational.com/yachts/the-superyacht-directory/axioma--45429,Dunya Yachts, 72.50m , 2013 , 18kts , 14kts , 5000nm , 12.2m , 12 , 20 
Coral Ocean,http://www.boatinternational.com/yachts/the-superyacht-directory/coral-island--60581,Lurssen, 72.54m , 1994 , 18kts , 16kts , 5000nm , 13.05m , 12 , 22 
Queen K,http://www.boatinternational.com/yachts/the-superyacht-directory/queen-k--60573,Lurssen, 72.60m , 2004 , 18kts , 16kts , 5000nm , 13.5m , 16 , 22 
Vicky,http://www.boatinternational.com/yachts/the-superyacht-directory/vicky--56913,Turquoise Yachts, 72.60m , 2012 , 17kts , 15kts , 7000nm , 12.0m , 14 , 19 
Predator,http://www.boatinternational.com/yachts/the-superyacht-directory/predator--66725,Feadship, 72.80m , 2008 , 28kts , 21kts ,, 11.4m , 6 , 19 
Yalla’s,http://www.boatinternational.com/yachts/the-superyacht-directory/yalla--57089,CRN, 73.00m , 2014 , 19kts , 18kts , 5500nm , 12.5m , 12 , 22 
Exuma,http://www.boatinternational.com/yachts/the-superyacht-directory/exuma--54321,Perini Navi - Picchiotti, 49.50m , 2010 , 16kts , 12kts , 4500nm , 9.5m , 9 , 9 
Odessa II,http://www.boatinternational.com/yachts/the-superyacht-directory/odessa-ii--73825,Nobiskrug, 73.07m , 2013 , 17kts , 15kts ,, 12.0m , 12 , 20 
Plan B,http://www.boatinternational.com/yachts/the-superyacht-directory/plan-b--73831,Hdw Kiel, 73.07m , 2012 , 17kts , 13kts ,, 12.0m , 31 ,
Laurel,http://www.boatinternational.com/yachts/the-superyacht-directory/laurel--67915,Delta Marine, 73.15m , 2006 , 16kts , 14kts , 6000nm , 12.26m , 40 ,
Triple Seven,http://www.boatinternational.com/yachts/the-superyacht-directory/triple-seven--58513,Nobiskrug, 67.74m , 2006 , 17kts , 15kts , 10000nm , 12.0m , 10 , 18 
Dragonfly,http://www.boatinternational.com/yachts/the-superyacht-directory/dragonfly--65227,Silver Yachts, 73.30m , 2009 , 27kts , 25kts , 4500nm , 10.0m , 18 , 16 
Rabdan,http://www.boatinternational.com/yachts/the-superyacht-directory/rabdan--65235,Silver Yachts, 73.30m , 2007 , 27kts , 25kts , 4500nm , 10.0m , 16 , 16 
Sapphire,http://www.boatinternational.com/yachts/the-superyacht-directory/sapphire--58525,Nobiskrug, 73.50m , 2011 , 17kts , 15kts ,, 12.6m , 12 , 15 
Flying Fox,http://www.boatinternational.com/yachts/the-superyacht-directory/flying-fox--58185,Nobiskrug, 73.51m , 2012 , 14kts , 12kts ,, 12.0m , 12 , 19 
Siren,http://www.boatinternational.com/yachts/the-superyacht-directory/siren--58509,Nobiskrug, 73.50m , 2008 , 17kts , 14kts , 5000nm , 12.6m , 12 , 16 
Ilona,http://www.boatinternational.com/yachts/the-superyacht-directory/ilona-iv--72379,Amels, 73.70m , 2003 , 19kts , 15kts , 6000nm , 12.1m , 20 , 28 
Naia,http://www.boatinternational.com/yachts/the-superyacht-directory/naia--56959,Freire, 73.60m , 2011 , 18kts , 14kts , 10000nm , 13.2m , 15 , 27 
Cocoa Bean,http://www.boatinternational.com/yachts/the-superyacht-directory/cocoa-bean--49797,Trinity Yachts, 73.76m , 2013 ,,,, 12.5m ,, 16 
Global,http://www.boatinternational.com/yachts/the-superyacht-directory/global--47029,Lurssen, 74.00m , 2007 , 16kts , 14kts , 5000nm , 12.8m , 12 , 22 
Dannebrog,http://www.boatinternational.com/yachts/the-superyacht-directory/dannebrog--68311,Danish Royal Dockyard, 83.21m , 1931 , 15kts , 14kts ,, 10.39m ,, 55 
Enigma,http://www.boatinternational.com/yachts/the-superyacht-directory/enigma--73833,Blohm & Voss, 74.50m , 1991 , 36kts , 28kts , 2200nm , 11.22m , 15 , 21 
Leander,http://www.boatinternational.com/yachts/the-superyacht-directory/leander-g--41201,Peene-Werft, 74.98m , 1992 , 18kts , 16kts , 8000nm , 12.8m , 12 , 26 
Enigma,http://www.boatinternational.com/yachts/the-superyacht-directory/phocea--45195,DCAN, 75.13m , 1976 , 14kts , 12kts , 2500nm , 9.57m , 12 , 23 
Talitha,http://www.boatinternational.com/yachts/the-superyacht-directory/talitha--46807,Krupp Germaniawerft, 82.60m , 1930 , 15kts , 13kts , 6500nm , 10.36m , 12 , 18 
Northern Star,http://www.boatinternational.com/yachts/the-superyacht-directory/northern-star--60525,Lurssen, 75.40m , 2009 , 17kts , 15kts , 6000nm , 13.5m , 12 , 22 
Anastasia’s,http://www.boatinternational.com/yachts/the-superyacht-directory/anastasia--55435,Oceanco, 75.50m , 2008 , 18kts , 16kts , 4100nm , 13.47m , 12 , 20 
Ebony Shine,http://www.boatinternational.com/yachts/the-superyacht-directory/ebony-shine--66747,Feadship, 75.75m , 2009 , 16kts , 14kts , 5500nm , 13.6m , 12 , 24 
Lady Sarya,http://www.boatinternational.com/yachts/the-superyacht-directory/lady-sarya--72231,Nuovi Cantieri Apuania, 76.32m , 1972 , 21kts , 16kts , 4300nm , 11.58m , 12 , 28 
Yersin,http://www.boatinternational.com/yachts/the-superyacht-directory/yersin--39453,Piriou, 76.60m , 2015 , 15kts , 11kts , 15000nm , 13.0m , 16 , 28 
Boadicea,http://www.boatinternational.com/yachts/the-superyacht-directory/reborn--44009,Amels, 76.61m , 1999 , 15kts , 14kts , 4200nm , 14.0m , 12 , 25 
Samar,http://www.boatinternational.com/yachts/the-superyacht-directory/samar--45331,Devonport, 77.42m , 2006 , 16kts , 14kts ,, 13.11m , 12 , 25 
Smeralda,http://www.boatinternational.com/yachts/the-superyacht-directory/smeralda--65229,Silver Yachts, 77.00m , 2012 , 27kts , 18kts , 4500nm , 10.0m , 20 , 16 
Silver Fast,http://www.boatinternational.com/yachts/the-superyacht-directory/silver-fast--39425,Silver Yachts, 77.00m , 2015 , 27kts , 22kts ,, 10.0m , 18 ,
Legend,http://www.boatinternational.com/yachts/the-superyacht-directory/legend--46411,IHC Verschure, 77.40m , 1974 , 17kts , 14kts , 15300nm , 13.5m , 26 , 30 
Tango,http://www.boatinternational.com/yachts/the-superyacht-directory/tango--66625,Feadship, 77.70m , 2011 , 21kts , 15kts ,, 12.2m , 14 , 22 
Sea Ranger,http://www.boatinternational.com/yachts/the-superyacht-directory/sea-ranger--52099,Schichau-Unterweser, 77.40m , 1973 , 18kts , 16kts , 31000nm , 13.23m , 10 , 20 
Montkaj,http://www.boatinternational.com/yachts/the-superyacht-directory/montkaj--72489,Amels, 78.03m , 1995 , 18kts , 15kts ,, 12.89m , 26 , 22 
Venus,http://www.boatinternational.com/yachts/the-superyacht-directory/venus--58017,Feadship, 78.20m , 2012 ,,,, 11.8m ,,
M5,http://www.boatinternational.com/yachts/the-superyacht-directory/m5--42625,Vosper Thornycroft, 78.40m , 2004 , 16kts , 14kts , 3500nm , 14.8m , 12 , 14 
Titan,http://www.boatinternational.com/yachts/the-superyacht-directory/titan--72781,Abeking & Rasmussen, 78.43m , 2010 , 16kts , 14kts ,, 12.4m ,,
Eminence,http://www.boatinternational.com/yachts/the-superyacht-directory/eminence--43793,Abeking & Rasmussen, 78.43m , 2008 , 16kts , 14kts , 6000nm , 12.4m , 14 , 19 
Eminence,http://www.boatinternational.com/yachts/the-superyacht-directory/eminence--43793,Abeking & Rasmussen, 78.43m , 2008 , 16kts , 14kts , 6000nm , 12.4m , 14 , 19 
Amaryllis,http://www.boatinternational.com/yachts/the-superyacht-directory/amaryllis--37777,Abeking & Rasmussen, 78.43m , 2011 , 16kts , 14kts , 5500nm , 12.4m , 14 , 19 
Tueq,http://www.boatinternational.com/yachts/the-superyacht-directory/tueq--49543,Van Der Giessen-De-Noord, 77.60m , 2002 , 19kts , 16kts , 5500nm , 13.5m , 30 , 21 
Hampshire II,http://www.boatinternational.com/yachts/the-superyacht-directory/hampshire-ii--58011,Feadship, 78.50m , 2012 , 16kts , 14kts ,, 12.7m , 14 , 23 
Delphine,http://www.boatinternational.com/yachts/the-superyacht-directory/delphine--46015,Great Lakes Ew, 78.55m , 1921 , 13kts , 10kts , 3000nm , 10.82m , 26 , 32 
Pegasus VIII,http://www.boatinternational.com/yachts/the-superyacht-directory/pegasus-viii--52783,Royal Denship, 78.60m , 2003 , 18kts , 17kts , 7000nm , 14.4m , 12 , 26 
Al Diriyah,http://www.boatinternational.com/yachts/the-superyacht-directory/al-diriyah--59249,National Bulk, 78.61m , 1960 , 15kts , 13kts , 5500nm , 11.31m , 16 , 34 
Chakra,http://www.boatinternational.com/yachts/the-superyacht-directory/salem--49525,Van Der Werf, 86.00m , 1963 , 15kts , 14kts , 10000nm , 12.83m , 42 , 43 
Athena,http://www.boatinternational.com/yachts/the-superyacht-directory/athena--52791,Royal Huisman, 90.00m , 2004 , 18kts , 14kts , 4000nm , 12.2m , 10 , 20 
Stargate,http://www.boatinternational.com/yachts/the-superyacht-directory/stargate--55423,Oceanco, 80.00m , 2001 , 24kts , 20kts , 3600nm , 13.0m , 24 , 29 
Constellation,http://www.boatinternational.com/yachts/the-superyacht-directory/constellation--55445,Oceanco, 80.01m , 1999 , 24kts , 20kts , 3600nm , 13.02m , 19 , 22 
Chopi Chopi,http://www.boatinternational.com/yachts/the-superyacht-directory/chopi-chopi--68543,CRN, 80.00m , 2013 , 16kts , 15kts , 6000nm , 13.5m , 12 , 30 
Amevi,http://www.boatinternational.com/yachts/the-superyacht-directory/amevi--55437,Oceanco, 80.00m , 2007 , 20kts , 16kts , 5500nm , 14.2m , 16 , 30 
Grand Ocean,http://www.boatinternational.com/yachts/the-superyacht-directory/golden-odyssey-ii--43459,Blohm & Voss, 80.15m , 1990 , 18kts , 16kts ,, 12.8m , 12 , 25 
Endeavour,http://www.boatinternational.com/yachts-for-sale/endeavour--81523,Camper & Nicholsons, 39.56m , 1934 , 13kts , 10kts , 2500nm , 6.68m , 8 , 8 
Bart Roberts,http://www.boatinternational.com/yachts/the-superyacht-directory/bart-roberts--70589,Canadian Vickers, 80.77m , 1963 , 13kts , 12kts , 10000nm , 12.8m , 20 , 24 
Nero,http://www.boatinternational.com/yachts/the-superyacht-directory/nero--42833,Corsair Yachts, 90.10m , 2008 , 17kts , 13kts , 6490nm , 12.0m , 12 , 20 
Alfa Nero,http://www.boatinternational.com/yachts/the-superyacht-directory/alfa-nero--55431,Oceanco, 81.27m , 2007 , 20kts , 17kts , 5500nm , 14.2m , 12 , 28 
Kibo,http://www.boatinternational.com/yachts/the-superyacht-directory/kibo--57667,Abeking & Rasmussen, 81.80m , 2014 , 16kts , 14kts , 4500nm , 12.6m , 10 , 17 
Sarafsa,http://www.boatinternational.com/yachts/the-superyacht-directory/sarafsa--67723,Devonport, 82.00m , 2008 , 15kts , 13kts , 6000nm , 15.0m ,,
Graceful,http://www.boatinternational.com/yachts/the-superyacht-directory/graceful--51957,Blohm & Voss, 82.00m , 2014 , 18kts , 16kts , 8000nm , 11.0m , 12 , 14 
Basrah Breeze,http://www.boatinternational.com/yachts/the-superyacht-directory/basrah-breeze--63355,Helsingor Vaerft, 81.99m , 1981 , 19kts , 16kts , 7000nm , 13.02m , 28 , 35 
Romea,http://www.boatinternational.com/yachts/the-superyacht-directory/romea--37853,Abeking & Rasmussen, 82.40m , 2015 , 16kts , 14kts , 4500nm , 12.6m ,,
Secret,http://www.boatinternational.com/yachts/the-superyacht-directory/secret--57685,Abeking & Rasmussen, 82.30m , 2013 , 13kts , 12kts ,, 12.4m , 12 ,
O’Mega,http://www.boatinternational.com/yachts/the-superyacht-directory/omega--47231,Mitsubishi HI, 82.50m , 1985 , 17kts , 15kts ,, 11.58m , 32 , 30 
EOS',http://www.boatinternational.com/yachts/the-superyacht-directory/eos--60561,Lurssen, 92.93m , 2006 , 16kts , 14kts ,, 13.5m , 16 , 21 
Here Comes The Sun,http://www.boatinternational.com/yachts/the-superyacht-directory/here-comes-the-sun--82787,Amels, 83.00m , 2016 , 17kts , 15kts , 5500nm , 14.54m , 16 , 27 
Savannah,http://www.boatinternational.com/yachts/the-superyacht-directory/savannah--58383,Feadship, 83.50m , 2015 ,,,, 12.5m , 12 , 26 
Ace,http://www.boatinternational.com/yachts/the-superyacht-directory/ace--56975,Lurssen, 85.00m , 2012 ,,,, 14.5m , 12 ,
Valerie,http://www.boatinternational.com/yachts/the-superyacht-directory/valerie--60535,Lurssen, 85.10m , 2011 ,,,,, 12 ,
Solandge,http://www.boatinternational.com/yachts/the-superyacht-directory/solandge--56969,Lurssen, 85.10m , 2013 , 17kts , 15kts , 6000nm , 13.8m , 12 , 29 
Pacific,http://www.boatinternational.com/yachts/the-superyacht-directory/pacific--60531,Lurssen, 85.20m , 2010 , 20kts ,,, 16.0m ,, 28 
Vibrant Curiosity's,http://www.boatinternational.com/yachts/the-superyacht-directory/vibrant-curiosity--55429,Oceanco, 85.47m , 2009 , 20kts , 16kts , 5500nm , 14.2m , 14 , 30 
Sunrays,http://www.boatinternational.com/yachts/the-superyacht-directory/sunrays--55433,Oceanco, 85.50m , 2010 , 20kts , 16kts , 5500nm , 14.2m , 16 , 23 
St. Princess Olga,http://www.boatinternational.com/yachts/the-superyacht-directory/st-princess-olga--56977,Oceanco, 85.60m , 2013 , 18kts , 15kts ,, 14.2m ,,
Aquijo,http://www.boatinternational.com/yachts/the-superyacht-directory/aquijo--39487,Vitters, 85.90m , 2015 ,,,, 14.48m ,,
Aquila,http://www.boatinternational.com/yachts/the-superyacht-directory/aquila--67805,Derecktor, 85.60m , 2010 , 17kts , 15kts , 5000nm , 14.3m , 14 , 26 
Ecstasea,http://www.boatinternational.com/yachts/the-superyacht-directory/ecstasea--66593,Feadship, 85.95m , 2004 , 36kts , 25kts ,, 11.5m , 12 ,
Seven Seas,http://www.boatinternational.com/yachts/the-superyacht-directory/seven-seas--55439,Oceanco, 86.01m , 2010 , 20kts , 16kts , 5500nm , 14.2m , 12 , 23 
Kingdom 5KR,http://www.boatinternational.com/yachts/the-superyacht-directory/kingdom-5kr--74941,Benetti, 85.90m , 1980 , 20kts , 17kts , 8500nm , 13.23m , 22 , 31 
Arctic P,http://www.boatinternational.com/yachts/the-superyacht-directory/arctic-p--52107,Schichau-Unterweser, 87.57m , 1969 , 18kts , 15kts , 17000nm , 14.78m , 12 , 25 
Musashi,http://www.boatinternational.com/yachts/the-superyacht-directory/musashi--66745,Feadship, 87.78m , 2011 , 21kts , 15kts ,, 13.9m ,,
Fountainhead,http://www.boatinternational.com/yachts/the-superyacht-directory/fountainhead--66743,Feadship, 87.78m , 2011 , 21kts , 15kts ,, 13.9m ,,
Asean Lady,http://www.boatinternational.com/yachts/the-superyacht-directory/asean-lady--49013,Pride Mega Yachts, 88.15m , 2004 , 15kts , 12kts , 10000nm , 21.27m , 22 , 18 
Nirvana,http://www.boatinternational.com/yachts/the-superyacht-directory/nirvana--55443,Oceanco, 88.50m , 2012 , 19kts , 16kts , 6800nm , 14.2m , 12 , 27 
Barbara,http://www.boatinternational.com/yachts/the-superyacht-directory/barbara--39367,Oceanco, 88.50m , 2017 , 18kts ,,, 14.5m ,,
Infinity,http://www.boatinternational.com/yachts/the-superyacht-directory/infinity--58351,Oceanco, 89.00m , 2015 , 18kts ,,, 14.2m ,, 14 
Lauren L,http://www.boatinternational.com/yachts/the-superyacht-directory/lauren-l--44549,Cassens, 90.00m , 2002 , 15kts , 14kts , 3400nm , 14.0m , 40 , 29 
Lionheart,http://www.boatinternational.com/yachts/the-superyacht-directory/benetti-fb-262--37705,Benetti, 90.00m , 2016 , 18kts , 16kts ,,,,
Phoenix2,http://www.boatinternational.com/yachts/the-superyacht-directory/phoenix-2--60537,Lurssen, 90.01m , 2010 , 17kts , 15kts ,, 14.0m , 12 , 28 
Ice,http://www.boatinternational.com/yachts/the-superyacht-directory/ice--60571,Lurssen, 90.10m , 2005 , 18kts , 15kts , 6000nm , 15.0m , 14 , 27 
Nahlin,http://www.boatinternational.com/yachts/the-superyacht-directory/nahlin--73379,Brown J, 91.44m , 1930 , 18kts , 15kts ,, 11.03m , 14 , 47 
Dubawi,http://www.boatinternational.com/yachts/the-superyacht-directory/dubawi--66569,Ferrari, 90.60m , 1989 , 17kts , 16kts , 4100nm , 15.3m ,, 70 
Lady Lara,http://www.boatinternational.com/yachts/the-superyacht-directory/lady-lara--81629,Lurssen, 91.00m , 2015 ,,,, 14.35m ,,
Moonlight II,http://www.boatinternational.com/yachts/the-superyacht-directory/moonlight-ii--47433,Neorion, 91.40m , 2005 , 18kts , 16kts , 7000nm , 14.44m , 36 , 34 
Queen Miri,http://www.boatinternational.com/yachts/the-superyacht-directory/queen-miri--58763,Neorion, 91.50m , 2004 , 18kts , 16kts , 7000nm , 14.44m , 36 , 34 
Equanimity,http://www.boatinternational.com/yachts/the-superyacht-directory/equanimity--57683,Oceanco, 91.50m , 2014 , 19kts , 16kts ,, 14.6m , 26 , 28 
Aquarius,http://www.boatinternational.com/yachts/the-superyacht-directory/aquarius--87019,Feadship, 92.00m , 2016 , 17kts , 12kts , 5500nm , 13.5m , 14 , 31 
Tatoosh,http://www.boatinternational.com/yachts/the-superyacht-directory/tatoosh--47511,Nobiskrug, 92.42m , 2000 , 19kts , 18kts , 5000nm , 14.95m , 20 , 35 
Royal Romance,http://www.boatinternational.com/yachts/the-superyacht-directory/royal-romance--82263,Feadship, 92.50m , 2015 , 15kts , 12kts ,, 14.3m , 14 , 22 
Mayan Queen IV,http://www.boatinternational.com/yachts/the-superyacht-directory/mayan-queen-iv--73823,Blohm & Voss, 93.25m , 2008 ,,,, 15.88m ,,
Kalizma,http://www.boatinternational.com/yachts/the-superyacht-directory/kalizma--41495,Ramage & Ferguson, 50.29m , 1906 , 12kts , 10kts , 3500nm , 6.34m , 10 , 9 
Palladium,http://www.boatinternational.com/yachts/the-superyacht-directory/palladium--73835,Blohm & Voss, 96.00m , 2010 , 20kts , 16kts ,, 16.0m ,, 33 
Kismet,http://www.boatinternational.com/yachts/the-superyacht-directory/kismet--81259,Lurssen, 95.20m , 2014 , 17kts , 14kts ,, 13.8m ,, 28 
Vava II,http://www.boatinternational.com/yachts/the-superyacht-directory/vava-ii--67707,Devonport, 96.00m , 2012 , 20kts , 16kts ,, 17.3m ,,
Limitless,http://www.boatinternational.com/yachts/the-superyacht-directory/limitless--60599,Lurssen, 96.26m , 1997 , 25kts , 17kts ,, 12.4m , 10 , 20 
Vertigo,http://www.boatinternational.com/yachts/the-superyacht-directory/vertigo--87021,Feadship, 96.55m , 2017 , 17kts , 15kts , 5000nm , 14.5m , 18 , 32 
Carinthia VII,http://www.boatinternational.com/yachts/the-superyacht-directory/carinthia-vii--60593,Lurssen, 97.20m , 2002 , 26kts , 22kts ,, 15.94m ,,
Madame Gu,http://www.boatinternational.com/yachts/the-superyacht-directory/madame-gu--57691,Feadship, 99.00m , 2013 , 24kts ,,, 13.6m , 12 , 36 
Christina O,http://www.boatinternational.com/yachts/the-superyacht-directory/christina-o--44455,Canadian Vickers, 99.15m , 1943 , 20kts , 18kts , 12000nm , 11.13m , 36 , 36 
I Dynasty,http://www.boatinternational.com/yachts/the-superyacht-directory/i-dynasty--39299,Peterswerft - Kusch, 100.80m , 2015 , 17kts , 14kts ,, 16.0m ,, 30 
Attessa IV,http://www.boatinternational.com/yachts/the-superyacht-directory/attessa-iv--63765,Hayashikane, 100.89m , 1999 , 23kts , 21kts , 6370nm , 12.8m , 26 , 21 
Symphony,http://www.boatinternational.com/yachts/the-superyacht-directory/symphony--57133,Feadship, 101.50m , 2015 , 22kts ,, 5000nm , 14.1m , 20 ,
Amadea,http://www.boatinternational.com/yachts/the-superyacht-directory/amadea--87271,Lurssen, 104.00m , 2017 ,,,, 17.0m ,,
Loaloat Al-Behar,http://www.boatinternational.com/yachts/the-superyacht-directory/loaloat-al-behar--54079,Picchiotti, 103.85m , 1982 , 18kts , 16kts ,, 16.25m ,, 70 
Quantum Blue,http://www.boatinternational.com/yachts/the-superyacht-directory/quantum-blue--81257,Lurssen, 104.00m , 2014 ,,,, 16.8m ,,
Lady Moura,http://www.boatinternational.com/yachts/the-superyacht-directory/lady-moura--73819,Blohm & Voss, 104.85m , 1990 , 22kts , 20kts ,, 19.0m ,, 61 
Ulysses,http://www.boatinternational.com/yachts/the-superyacht-directory/ulysses--39279,Kleven, 107.40m , 2015 , 16kts , 15kts , 8500nm , 18.0m , 30 , 30 
Radiant,http://www.boatinternational.com/yachts/the-superyacht-directory/radiant--60543,Lurssen, 110.00m , 2009 , 21kts , 16kts ,, 16.3m ,,
Ona,http://www.boatinternational.com/yachts/the-superyacht-directory/dilbar-ii--60547,Lurssen, 110.00m , 2008 , 21kts , 18kts ,, 16.3m , 16 , 20 
Le Grand Bleu,http://www.boatinternational.com/yachts/the-superyacht-directory/le-grand-bleu--73657,Bremer Vulkan, 112.80m , 2000 , 17kts , 15kts ,, 17.68m ,, 35 
Pelorus,http://www.boatinternational.com/yachts/the-superyacht-directory/pelorus--60569,Lurssen, 114.50m , 2003 , 20kts , 18kts , 6000nm , 17.2m , 18 , 44 
Luna,http://www.boatinternational.com/yachts/the-superyacht-directory/luna--60695,Lloyd Werft, 115.00m , 2010 , 22kts ,,, 18.0m ,,
Issham Al Baher,http://www.boatinternational.com/yachts/the-superyacht-directory/issham-al-baher--63375,Hellenic, 115.76m , 1973 , 14kts , 12kts ,, 14.45m , 14 , 17 
Atlantis II,http://www.boatinternational.com/yachts/the-superyacht-directory/atlantis-ii--63377,Hellenic, 115.76m , 1981 , 14kts , 12kts ,, 14.45m , 26 , 17 
Turama,http://www.boatinternational.com/yachts/the-superyacht-directory/turama--41501,Rauma-Repola, 116.40m , 1990 , 18kts , 15kts ,, 17.22m , 54 , 60 
Motor Yacht A,http://www.boatinternational.com/yachts/the-superyacht-directory/a--73827,Blohm & Voss, 119.00m , 2008 , 23kts , 19kts , 6541nm , 18.87m , 14 , 35 
Alexander,http://www.boatinternational.com/yachts/the-superyacht-directory/alexander--46985,Lubecker Flender-Werke, 121.95m , 1965 , 18kts , 16kts , 4100nm , 16.9m , 54 , 62 
Golden Odyssey,http://www.boatinternational.com/yachts/the-superyacht-directory/golden-odyssey--81627,Lurssen, 123.20m , 2015 ,,,,,,
Savarona,http://www.boatinternational.com/yachts/the-superyacht-directory/savarona--43461,Blohm & Voss, 135.94m , 1931 , 18kts , 15kts , 9000nm , 16.12m , 34 , 54 
Katara,http://www.boatinternational.com/yachts/the-superyacht-directory/katara--60549,Lurssen, 124.40m , 2010 ,,,, 19.5m ,,
Maryah,http://www.boatinternational.com/yachts/the-superyacht-directory/maryah--50747,Elefsis Shipyard, 125.00m , 2014 ,,,, 17.0m , 54 ,
Octopus,http://www.boatinternational.com/yachts/the-superyacht-directory/octopus--60579,Lurssen, 126.19m , 2003 , 20kts , 17kts , 8000nm , 21.0m , 22 , 50 
Al Mirqab,http://www.boatinternational.com/yachts/the-superyacht-directory/al-mirqab--54129,Peterswerft - Kusch, 133.00m , 2008 , 20kts , 17kts ,, 19.5m , 36 ,
Serene,http://www.boatinternational.com/yachts/the-superyacht-directory/serene--66085,Fincantieri, 133.90m , 2011 , 20kts , 15kts , 6000nm , 18.6m , 24 , 52 
Rising Sun’s,http://www.boatinternational.com/yachts/the-superyacht-directory/rising-sun--60567,Lurssen, 138.01m , 2005 , 28kts , 26kts ,, 19.0m , 18 , 45 
Al Salamah,http://www.boatinternational.com/yachts/the-superyacht-directory/al-salamah--60587,Lurssen, 139.29m , 1999 , 21kts , 17kts ,, 23.5m ,, 96 
Ocean Victory,http://www.boatinternational.com/yachts/the-superyacht-directory/ocean-victory--56971,Fincantieri, 140.00m , 2014 ,,,, 20.0m ,,
Yas,http://www.boatinternational.com/yachts/the-superyacht-directory/yas--68103,De Schelde, 141.00m , 1977 , 30kts , 25kts ,, 14.6m ,,
Sailing Yacht A,http://www.boatinternational.com/yachts/the-superyacht-directory/sailing-yacht-a--39349,Nobiskrug, 142.81m , 2017 , 21kts , 16kts , 5320nm , 24.88m ,, 54 
El _Mahroussa_,http://www.boatinternational.com/yachts/the-superyacht-directory/el-mahroussa--52669,Samuda, 150.57m , 1865 , 13kts , 10kts ,, 12.98m ,, 38 
Prince Abdulaziz,http://www.boatinternational.com/yachts/the-superyacht-directory/prince-abdulaziz--63357,Helsingor Vaerft, 147.01m , 1984 , 22kts , 18kts , 5000nm , 18.3m , 64 , 65 
Topaz,http://www.boatinternational.com/yachts/the-superyacht-directory/topaz--58015,Lurssen, 147.25m , 2012 ,,,, 21.5m ,,
Al Saïd,http://www.boatinternational.com/yachts/the-superyacht-directory/al-said--60555,Lurssen, 155.00m , 2008 ,,,, 24.0m ,, 200 
Dilbar,http://www.boatinternational.com/yachts/the-superyacht-directory/omar--81557,Lurssen, 156.00m , 2016 , 22kts ,,, 23.5m ,,
Dubai,http://www.boatinternational.com/yachts/the-superyacht-directory/dubai--73829,Platinum, 162.00m , 2006 , 26kts , 22kts ,, 22.0m , 48 , 88 
Eclipse,http://www.boatinternational.com/yachts/the-superyacht-directory/eclipse--73837,Blohm & Voss, 162.50m , 2010 , 21kts , 20kts , 6000nm , 22.0m , 36 , 66 
Azzam,http://www.boatinternational.com/yachts/the-superyacht-directory/azzam--57571,Lurssen, 180.61m , 2013 , 31kts ,,, 20.0m ,,
